Workbook

Sheet 마진계산기 메뉴얼
B2: 설명

Sheet 1. 상품 & 캠페인 매핑
B2: 신규 상품 추가 시 최초 1회 해당 시트에 직접 기입 (옵션·캠페인·상품명)
B4: 상품명 | C4: 옵션 ID | D4: 광고 캠페인 | E4: 옵션마진
B5: 옵션 하나, 파랑 | C5: 93606119506 | D5: 1. 타이머_236% | E5: 4571
B6: 옵션 둘 | C6: 93656717722 | D6: 2. 발매트_213% | E6: 4192

Sheet 2. 일별 광고 실적 입력
B2: 광고센터 데이터
B5: 캠페인 이름 | C5: 날짜 | D5: 목표효율 | E5: 광고예산 | F5: 집행 광고비 | G5: 광고전환 매출 | H5: 전환율 | I5: 클릭률 | J5: 노출수 | K5: 클릭수 | L5: 광고전환 판매수 | M5: 집행 광고비*10% | N5: 광고 수익률 | O5: 광고비 소진율 | P5: CPC | Q5: ACTION
B6: 1. 타이머_236% | C6: 46266 | D6: 4 | E6: 10000 | F6: 5000 | G6: 20000 | H6: 0.05 | I6: 0.01 | J6: 1000 | K6: 10 | L6: 2 | M6: =F6*1.1 | N6: =IFERROR(G6/F6,0) | O6: =IFERROR(F6/E6,0) | P6: =IFERROR(F6/K6,0)
B7: 2. 발매트_213% | C7: 46266 | D7: 4 | E7: 10000 | F7: 5000 | G7: 20000 | H7: 0.05 | I7: 0.01 | J7: 1000 | K7: 10 | L7: 2 | M7: =F7*1.1 | N7: =IFERROR(G7/F7,0) | O7: =IFERROR(F7/E7,0) | P7: =IFERROR(F7/K7,0)

Sheet 3. 일별 매출 실적 입력
B2: 판매통계 붙여넣기
B5: 날짜 | C5: 옵션ID | D5: 옵션명 | E5: 상품명 | F5: 등록상품ID | G5: 카테고리 | H5: 판매방식 | I5: 매출 | J5: 주문 | K5: 판매량 | L5: 방문자 | M5: 조회 | N5: 장바구니 | O5: 구매전환율 | P5: 순 판매 상품 수 | Q5: 광고 매칭 | R5: 마진
B6: 46266 | C6: 93606119506 | D6: 옵션 하나, 파랑 | E6: 상품 하나 | F6: 15767114108 | G6: 주방용품 | H6: 로켓그로스 | I6: 9900 | J6: 1 | K6: 1 | L6: 6 | M6: 9 | N6: 1 | O6: 0.1111 | P6: =K6*1 | Q6: =IFERROR(VLOOKUP(C6,'1. 상품 & 캠페인 매핑'!$C$4:$E$1048576,2,FALSE),"") | R6: =IFERROR(VLOOKUP(C6,'1. 상품 & 캠페인 매핑'!$C$4:$E$1048576,3,FALSE)*P6,0)

Sheet 4. 광고 장부확인
A1: 캠페인 이름만 기입하면 자동 계산 됩니다.
C3: 46266 | D3: 46267 | E3: 46268 | F3: 46269 | G3: 46270 | H3: 46271 | I3: 46272 | J3: 46273 | K3: 46274 | L3: 46275 | M3: 46276 | N3: 46277 | O3: 46278 | P3: 46279 | Q3: 46280 | R3: 46281 | S3: 46282 | T3: 46283 | U3: 46284 | V3: 46285 | W3: 46286 | X3: 46287 | Y3: 46288 | Z3: 46289 | AA3: 46290 | AB3: 46291 | AC3: 46292 | AD3: 46293 | AE3: 46294 | AF3: 46295 | AG3: 9월 합계
B4: 전체 순이익 (광고비제외) | C4: =SUMIF($B:$B,$B$17,C:C) | D4: =SUMIF($B:$B,$B$17,D:D) | E4: =SUMIF($B:$B,$B$17,E:E) | F4: =SUMIF($B:$B,$B$17,F:F) | G4: =SUMIF($B:$B,$B$17,G:G) | H4: =SUMIF($B:$B,$B$17,H:H) | I4: =SUMIF($B:$B,$B$17,I:I) | J4: =SUMIF($B:$B,$B$17,J:J) | K4: =SUMIF($B:$B,$B$17,K:K) | L4: =SUMIF($B:$B,$B$17,L:L) | M4: =SUMIF($B:$B,$B$17,M:M) | N4: =SUMIF($B:$B,$B$17,N:N) | O4: =SUMIF($B:$B,$B$17,O:O) | P4: =SUMIF($B:$B,$B$17,P:P) | Q4: =SUMIF($B:$B,$B$17,Q:Q) | R4: =SUMIF($B:$B,$B$17,R:R) | S4: =SUMIF($B:$B,$B$17,S:S) | T4: =SUMIF($B:$B,$B$17,T:T) | U4: =SUMIF($B:$B,$B$17,U:U) | V4: =SUMIF($B:$B,$B$17,V:V) | W4: =SUMIF($B:$B,$B$17,W:W) | X4: =SUMIF($B:$B,$B$17,X:X) | Y4: =SUMIF($B:$B,$B$17,Y:Y) | Z4: =SUMIF($B:$B,$B$17,Z:Z) | AA4: =SUMIF($B:$B,$B$17,AA:AA) | AB4: =SUMIF($B:$B,$B$17,AB:AB) | AC4: =SUMIF($B:$B,$B$17,AC:AC) | AD4: =SUMIF($B:$B,$B$17,AD:AD) | AE4: =SUMIF($B:$B,$B$17,AE:AE) | AF4: =SUMIF($B:$B,$B$17,AF:AF)
A5: 1. 타이머_236% | B5: 목표효율 | C5: =SUMIFS('2. 일별 광고 실적 입력'!$D:$D,'2. 일별 광고 실적 입력'!$C:$C,'4. 광고 장부확인'!C$3,'2. 일별 광고 실적 입력'!$B:$B,'4. 광고 장부확인'!$A5) | D5: =SUMIFS('2. 일별 광고 실적 입력'!$D:$D,'2. 일별 광고 실적 입력'!$C:$C,'4. 광고 장부확인'!D$3,'2. 일별 광고 실적 입력'!$B:$B,'4. 광고 장부확인'!$A5) | E5: =SUMIFS('2. 일별 광고 실적 입력'!$D:$D,'2. 일별 광고 실적 입력'!$C:$C,'4. 광고 장부확인'!E$3,'2. 일별 광고 실적 입력'!$B:$B,'4. 광고 장부확인'!$A5) | F5: =SUMIFS('2. 일별 광고 실적 입력'!$D:$D,'2. 일별 광고 실적 입력'!$C:$C,'4. 광고 장부확인'!F$3,'2. 일별 광고 실적 입력'!$B:$B,'4. 광고 장부확인'!$A5) | G5: =SUMIFS('2. 일별 광고 실적 입력'!$D:$D,'2. 일별 광고 실적 입력'!$C:$C,'4. 광고 장부확인'!G$3,'2. 일별 광고 실적 입력'!$B:$B,'4. 광고 장부확인'!$A5) | H5: =SUMIFS('2. 일별 광고 실적 입력'!$D:$D,'2. 일별 광고 실적 입력'!$C:$C,'4. 광고 장부확인'!H$3,'2. 일별 광고 실적 입력'!$B:$B,'4. 광고 장부확인'!$A5) | I5: =SUMIFS('2. 일별 광고 실적 입력'!$D:$D,'2. 일별 광고 실적 입력'!$C:$C,'4. 광고 장부확인'!I$3,'2. 일별 광고 실적 입력'!$B:$B,'4. 광고 장부확인'!$A5) | J5: =SUMIFS('2. 일별 광고 실적 입력'!$D:$D,'2. 일별 광고 실적 입력'!$C:$C,'4. 광고 장부확인'!J$3,'2. 일별 광고 실적 입력'!$B:$B,'4. 광고 장부확인'!$A5) | ... AF5: =SUMIFS('2. 일별 광고 실적 입력'!$D:$D,'2. 일별 광고 실적 입력'!$C:$C,'4. 광고 장부확인'!AF$3,'2. 일별 광고 실적 입력'!$B:$B,'4. 광고 장부확인'!$A5) | AG5: =SUM(C5:AF5)
B6: 광고수익률 | C6: =SUMIFS('2. 일별 광고 실적 입력'!$N:$N,'2. 일별 광고 실적 입력'!$C:$C,'4. 광고 장부확인'!C$3,'2. 일별 광고 실적 입력'!$B:$B,'4. 광고 장부확인'!$A5) | D6: =SUMIFS('2. 일별 광고 실적 입력'!$N:$N,'2. 일별 광고 실적 입력'!$C:$C,'4. 광고 장부확인'!D$3,'2. 일별 광고 실적 입력'!$B:$B,'4. 광고 장부확인'!$A5) | E6: =SUMIFS('2. 일별 광고 실적 입력'!$N:$N,'2. 일별 광고 실적 입력'!$C:$C,'4. 광고 장부확인'!E$3,'2. 일별 광고 실적 입력'!$B:$B,'4. 광고 장부확인'!$A5) | F6: =SUMIFS('2. 일별 광고 실적 입력'!$N:$N,'2. 일별 광고 실적 입력'!$C:$C,'4. 광고 장부확인'!F$3,'2. 일별 광고 실적 입력'!$B:$B,'4. 광고 장부확인'!$A5) | G6: =SUMIFS('2. 일별 광고 실적 입력'!$N:$N,'2. 일별 광고 실적 입력'!$C:$C,'4. 광고 장부확인'!G$3,'2. 일별 광고 실적 입력'!$B:$B,'4. 광고 장부확인'!$A5) | H6: =SUMIFS('2. 일별 광고 실적 입력'!$N:$N,'2. 일별 광고 실적 입력'!$C:$C,'4. 광고 장부확인'!H$3,'2. 일별 광고 실적 입력'!$B:$B,'4. 광고 장부확인'!$A5) | I6: =SUMIFS('2. 일별 광고 실적 입력'!$N:$N,'2. 일별 광고 실적 입력'!$C:$C,'4. 광고 장부확인'!I$3,'2. 일별 광고 실적 입력'!$B:$B,'4. 광고 장부확인'!$A5) | J6: =SUMIFS('2. 일별 광고 실적 입력'!$N:$N,'2. 일별 광고 실적 입력'!$C:$C,'4. 광고 장부확인'!J$3,'2. 일별 광고 실적 입력'!$B:$B,'4. 광고 장부확인'!$A5) | ... AF6: =SUMIFS('2. 일별 광고 실적 입력'!$N:$N,'2. 일별 광고 실적 입력'!$C:$C,'4. 광고 장부확인'!AF$3,'2. 일별 광고 실적 입력'!$B:$B,'4. 광고 장부확인'!$A5) | AG6: =SUM(C6:AF6)
B7: 광고예산 | C7: =SUMIFS('2. 일별 광고 실적 입력'!$E:$E,'2. 일별 광고 실적 입력'!$C:$C,'4. 광고 장부확인'!C$3,'2. 일별 광고 실적 입력'!$B:$B,'4. 광고 장부확인'!$A5) | D7: =SUMIFS('2. 일별 광고 실적 입력'!$E:$E,'2. 일별 광고 실적 입력'!$C:$C,'4. 광고 장부확인'!D$3,'2. 일별 광고 실적 입력'!$B:$B,'4. 광고 장부확인'!$A5) | E7: =SUMIFS('2. 일별 광고 실적 입력'!$E:$E,'2. 일별 광고 실적 입력'!$C:$C,'4. 광고 장부확인'!E$3,'2. 일별 광고 실적 입력'!$B:$B,'4. 광고 장부확인'!$A5) | F7: =SUMIFS('2. 일별 광고 실적 입력'!$E:$E,'2. 일별 광고 실적 입력'!$C:$C,'4. 광고 장부확인'!F$3,'2. 일별 광고 실적 입력'!$B:$B,'4. 광고 장부확인'!$A5) | G7: =SUMIFS('2. 일별 광고 실적 입력'!$E:$E,'2. 일별 광고 실적 입력'!$C:$C,'4. 광고 장부확인'!G$3,'2. 일별 광고 실적 입력'!$B:$B,'4. 광고 장부확인'!$A5) | H7: =SUMIFS('2. 일별 광고 실적 입력'!$E:$E,'2. 일별 광고 실적 입력'!$C:$C,'4. 광고 장부확인'!H$3,'2. 일별 광고 실적 입력'!$B:$B,'4. 광고 장부확인'!$A5) | I7: =SUMIFS('2. 일별 광고 실적 입력'!$E:$E,'2. 일별 광고 실적 입력'!$C:$C,'4. 광고 장부확인'!I$3,'2. 일별 광고 실적 입력'!$B:$B,'4. 광고 장부확인'!$A5) | J7: =SUMIFS('2. 일별 광고 실적 입력'!$E:$E,'2. 일별 광고 실적 입력'!$C:$C,'4. 광고 장부확인'!J$3,'2. 일별 광고 실적 입력'!$B:$B,'4. 광고 장부확인'!$A5) | ... AF7: =SUMIFS('2. 일별 광고 실적 입력'!$E:$E,'2. 일별 광고 실적 입력'!$C:$C,'4. 광고 장부확인'!AF$3,'2. 일별 광고 실적 입력'!$B:$B,'4. 광고 장부확인'!$A5) | AG7: =SUM(C7:AF7)
B8: 집행 광고비*10% | C8: =SUMIFS('2. 일별 광고 실적 입력'!$M:$M,'2. 일별 광고 실적 입력'!$C:$C,'4. 광고 장부확인'!C$3,'2. 일별 광고 실적 입력'!$B:$B,'4. 광고 장부확인'!$A5) | D8: =SUMIFS('2. 일별 광고 실적 입력'!$M:$M,'2. 일별 광고 실적 입력'!$C:$C,'4. 광고 장부확인'!D$3,'2. 일별 광고 실적 입력'!$B:$B,'4. 광고 장부확인'!$A5) | E8: =SUMIFS('2. 일별 광고 실적 입력'!$M:$M,'2. 일별 광고 실적 입력'!$C:$C,'4. 광고 장부확인'!E$3,'2. 일별 광고 실적 입력'!$B:$B,'4. 광고 장부확인'!$A5) | F8: =SUMIFS('2. 일별 광고 실적 입력'!$M:$M,'2. 일별 광고 실적 입력'!$C:$C,'4. 광고 장부확인'!F$3,'2. 일별 광고 실적 입력'!$B:$B,'4. 광고 장부확인'!$A5) | G8: =SUMIFS('2. 일별 광고 실적 입력'!$M:$M,'2. 일별 광고 실적 입력'!$C:$C,'4. 광고 장부확인'!G$3,'2. 일별 광고 실적 입력'!$B:$B,'4. 광고 장부확인'!$A5) | H8: =SUMIFS('2. 일별 광고 실적 입력'!$M:$M,'2. 일별 광고 실적 입력'!$C:$C,'4. 광고 장부확인'!H$3,'2. 일별 광고 실적 입력'!$B:$B,'4. 광고 장부확인'!$A5) | I8: =SUMIFS('2. 일별 광고 실적 입력'!$M:$M,'2. 일별 광고 실적 입력'!$C:$C,'4. 광고 장부확인'!I$3,'2. 일별 광고 실적 입력'!$B:$B,'4. 광고 장부확인'!$A5) | J8: =SUMIFS('2. 일별 광고 실적 입력'!$M:$M,'2. 일별 광고 실적 입력'!$C:$C,'4. 광고 장부확인'!J$3,'2. 일별 광고 실적 입력'!$B:$B,'4. 광고 장부확인'!$A5) | ... AF8: =SUMIFS('2. 일별 광고 실적 입력'!$M:$M,'2. 일별 광고 실적 입력'!$C:$C,'4. 광고 장부확인'!AF$3,'2. 일별 광고 실적 입력'!$B:$B,'4. 광고 장부확인'!$A5) | AG8: =SUM(C8:AF8)
B9: CPC 단가 | C9: =SUMIFS('2. 일별 광고 실적 입력'!$P:$P,'2. 일별 광고 실적 입력'!$C:$C,'4. 광고 장부확인'!C$3,'2. 일별 광고 실적 입력'!$B:$B,'4. 광고 장부확인'!$A5) | D9: =SUMIFS('2. 일별 광고 실적 입력'!$P:$P,'2. 일별 광고 실적 입력'!$C:$C,'4. 광고 장부확인'!D$3,'2. 일별 광고 실적 입력'!$B:$B,'4. 광고 장부확인'!$A5) | E9: =SUMIFS('2. 일별 광고 실적 입력'!$P:$P,'2. 일별 광고 실적 입력'!$C:$C,'4. 광고 장부확인'!E$3,'2. 일별 광고 실적 입력'!$B:$B,'4. 광고 장부확인'!$A5) | F9: =SUMIFS('2. 일별 광고 실적 입력'!$P:$P,'2. 일별 광고 실적 입력'!$C:$C,'4. 광고 장부확인'!F$3,'2. 일별 광고 실적 입력'!$B:$B,'4. 광고 장부확인'!$A5) | G9: =SUMIFS('2. 일별 광고 실적 입력'!$P:$P,'2. 일별 광고 실적 입력'!$C:$C,'4. 광고 장부확인'!G$3,'2. 일별 광고 실적 입력'!$B:$B,'4. 광고 장부확인'!$A5) | H9: =SUMIFS('2. 일별 광고 실적 입력'!$P:$P,'2. 일별 광고 실적 입력'!$C:$C,'4. 광고 장부확인'!H$3,'2. 일별 광고 실적 입력'!$B:$B,'4. 광고 장부확인'!$A5) | I9: =SUMIFS('2. 일별 광고 실적 입력'!$P:$P,'2. 일별 광고 실적 입력'!$C:$C,'4. 광고 장부확인'!I$3,'2. 일별 광고 실적 입력'!$B:$B,'4. 광고 장부확인'!$A5) | J9: =SUMIFS('2. 일별 광고 실적 입력'!$P:$P,'2. 일별 광고 실적 입력'!$C:$C,'4. 광고 장부확인'!J$3,'2. 일별 광고 실적 입력'!$B:$B,'4. 광고 장부확인'!$A5) | ... AF9: =SUMIFS('2. 일별 광고 실적 입력'!$P:$P,'2. 일별 광고 실적 입력'!$C:$C,'4. 광고 장부확인'!AF$3,'2. 일별 광고 실적 입력'!$B:$B,'4. 광고 장부확인'!$A5) | AG9: =SUM(C9:AF9)
B10: 노출수 | C10: =SUMIFS('2. 일별 광고 실적 입력'!$J:$J,'2. 일별 광고 실적 입력'!$C:$C,'4. 광고 장부확인'!C$3,'2. 일별 광고 실적 입력'!$B:$B,'4. 광고 장부확인'!$A5) | D10: =SUMIFS('2. 일별 광고 실적 입력'!$J:$J,'2. 일별 광고 실적 입력'!$C:$C,'4. 광고 장부확인'!D$3,'2. 일별 광고 실적 입력'!$B:$B,'4. 광고 장부확인'!$A5) | E10: =SUMIFS('2. 일별 광고 실적 입력'!$J:$J,'2. 일별 광고 실적 입력'!$C:$C,'4. 광고 장부확인'!E$3,'2. 일별 광고 실적 입력'!$B:$B,'4. 광고 장부확인'!$A5) | F10: =SUMIFS('2. 일별 광고 실적 입력'!$J:$J,'2. 일별 광고 실적 입력'!$C:$C,'4. 광고 장부확인'!F$3,'2. 일별 광고 실적 입력'!$B:$B,'4. 광고 장부확인'!$A5) | G10: =SUMIFS('2. 일별 광고 실적 입력'!$J:$J,'2. 일별 광고 실적 입력'!$C:$C,'4. 광고 장부확인'!G$3,'2. 일별 광고 실적 입력'!$B:$B,'4. 광고 장부확인'!$A5) | H10: =SUMIFS('2. 일별 광고 실적 입력'!$J:$J,'2. 일별 광고 실적 입력'!$C:$C,'4. 광고 장부확인'!H$3,'2. 일별 광고 실적 입력'!$B:$B,'4. 광고 장부확인'!$A5) | I10: =SUMIFS('2. 일별 광고 실적 입력'!$J:$J,'2. 일별 광고 실적 입력'!$C:$C,'4. 광고 장부확인'!I$3,'2. 일별 광고 실적 입력'!$B:$B,'4. 광고 장부확인'!$A5) | J10: =SUMIFS('2. 일별 광고 실적 입력'!$J:$J,'2. 일별 광고 실적 입력'!$C:$C,'4. 광고 장부확인'!J$3,'2. 일별 광고 실적 입력'!$B:$B,'4. 광고 장부확인'!$A5) | ... AF10: =SUMIFS('2. 일별 광고 실적 입력'!$J:$J,'2. 일별 광고 실적 입력'!$C:$C,'4. 광고 장부확인'!AF$3,'2. 일별 광고 실적 입력'!$B:$B,'4. 광고 장부확인'!$A5) | AG10: =SUM(C10:AF10)
B11: 클릭률 | C11: =SUMIFS('2. 일별 광고 실적 입력'!$I:$I,'2. 일별 광고 실적 입력'!$C:$C,'4. 광고 장부확인'!C$3,'2. 일별 광고 실적 입력'!$B:$B,'4. 광고 장부확인'!$A5) | D11: =SUMIFS('2. 일별 광고 실적 입력'!$I:$I,'2. 일별 광고 실적 입력'!$C:$C,'4. 광고 장부확인'!D$3,'2. 일별 광고 실적 입력'!$B:$B,'4. 광고 장부확인'!$A5) | E11: =SUMIFS('2. 일별 광고 실적 입력'!$I:$I,'2. 일별 광고 실적 입력'!$C:$C,'4. 광고 장부확인'!E$3,'2. 일별 광고 실적 입력'!$B:$B,'4. 광고 장부확인'!$A5) | F11: =SUMIFS('2. 일별 광고 실적 입력'!$I:$I,'2. 일별 광고 실적 입력'!$C:$C,'4. 광고 장부확인'!F$3,'2. 일별 광고 실적 입력'!$B:$B,'4. 광고 장부확인'!$A5) | G11: =SUMIFS('2. 일별 광고 실적 입력'!$I:$I,'2. 일별 광고 실적 입력'!$C:$C,'4. 광고 장부확인'!G$3,'2. 일별 광고 실적 입력'!$B:$B,'4. 광고 장부확인'!$A5) | H11: =SUMIFS('2. 일별 광고 실적 입력'!$I:$I,'2. 일별 광고 실적 입력'!$C:$C,'4. 광고 장부확인'!H$3,'2. 일별 광고 실적 입력'!$B:$B,'4. 광고 장부확인'!$A5) | I11: =SUMIFS('2. 일별 광고 실적 입력'!$I:$I,'2. 일별 광고 실적 입력'!$C:$C,'4. 광고 장부확인'!I$3,'2. 일별 광고 실적 입력'!$B:$B,'4. 광고 장부확인'!$A5) | J11: =SUMIFS('2. 일별 광고 실적 입력'!$I:$I,'2. 일별 광고 실적 입력'!$C:$C,'4. 광고 장부확인'!J$3,'2. 일별 광고 실적 입력'!$B:$B,'4. 광고 장부확인'!$A5) | ... AF11: =SUMIFS('2. 일별 광고 실적 입력'!$I:$I,'2. 일별 광고 실적 입력'!$C:$C,'4. 광고 장부확인'!AF$3,'2. 일별 광고 실적 입력'!$B:$B,'4. 광고 장부확인'!$A5) | AG11: =SUM(C11:AF11)
B12: 전환율 | C12: =SUMIFS('2. 일별 광고 실적 입력'!$H:$H,'2. 일별 광고 실적 입력'!$C:$C,'4. 광고 장부확인'!C$3,'2. 일별 광고 실적 입력'!$B:$B,'4. 광고 장부확인'!$A5) | D12: =SUMIFS('2. 일별 광고 실적 입력'!$H:$H,'2. 일별 광고 실적 입력'!$C:$C,'4. 광고 장부확인'!D$3,'2. 일별 광고 실적 입력'!$B:$B,'4. 광고 장부확인'!$A5) | E12: =SUMIFS('2. 일별 광고 실적 입력'!$H:$H,'2. 일별 광고 실적 입력'!$C:$C,'4. 광고 장부확인'!E$3,'2. 일별 광고 실적 입력'!$B:$B,'4. 광고 장부확인'!$A5) | F12: =SUMIFS('2. 일별 광고 실적 입력'!$H:$H,'2. 일별 광고 실적 입력'!$C:$C,'4. 광고 장부확인'!F$3,'2. 일별 광고 실적 입력'!$B:$B,'4. 광고 장부확인'!$A5) | G12: =SUMIFS('2. 일별 광고 실적 입력'!$H:$H,'2. 일별 광고 실적 입력'!$C:$C,'4. 광고 장부확인'!G$3,'2. 일별 광고 실적 입력'!$B:$B,'4. 광고 장부확인'!$A5) | H12: =SUMIFS('2. 일별 광고 실적 입력'!$H:$H,'2. 일별 광고 실적 입력'!$C:$C,'4. 광고 장부확인'!H$3,'2. 일별 광고 실적 입력'!$B:$B,'4. 광고 장부확인'!$A5) | I12: =SUMIFS('2. 일별 광고 실적 입력'!$H:$H,'2. 일별 광고 실적 입력'!$C:$C,'4. 광고 장부확인'!I$3,'2. 일별 광고 실적 입력'!$B:$B,'4. 광고 장부확인'!$A5) | J12: =SUMIFS('2. 일별 광고 실적 입력'!$H:$H,'2. 일별 광고 실적 입력'!$C:$C,'4. 광고 장부확인'!J$3,'2. 일별 광고 실적 입력'!$B:$B,'4. 광고 장부확인'!$A5) | ... AF12: =SUMIFS('2. 일별 광고 실적 입력'!$H:$H,'2. 일별 광고 실적 입력'!$C:$C,'4. 광고 장부확인'!AF$3,'2. 일별 광고 실적 입력'!$B:$B,'4. 광고 장부확인'!$A5) | AG12: =SUM(C12:AF12)
B13: 광고 전환 판매 수 | C13: =SUMIFS('2. 일별 광고 실적 입력'!$L:$L,'2. 일별 광고 실적 입력'!$C:$C,'4. 광고 장부확인'!C$3,'2. 일별 광고 실적 입력'!$B:$B,'4. 광고 장부확인'!$A5) | D13: =SUMIFS('2. 일별 광고 실적 입력'!$L:$L,'2. 일별 광고 실적 입력'!$C:$C,'4. 광고 장부확인'!D$3,'2. 일별 광고 실적 입력'!$B:$B,'4. 광고 장부확인'!$A5) | E13: =SUMIFS('2. 일별 광고 실적 입력'!$L:$L,'2. 일별 광고 실적 입력'!$C:$C,'4. 광고 장부확인'!E$3,'2. 일별 광고 실적 입력'!$B:$B,'4. 광고 장부확인'!$A5) | F13: =SUMIFS('2. 일별 광고 실적 입력'!$L:$L,'2. 일별 광고 실적 입력'!$C:$C,'4. 광고 장부확인'!F$3,'2. 일별 광고 실적 입력'!$B:$B,'4. 광고 장부확인'!$A5) | G13: =SUMIFS('2. 일별 광고 실적 입력'!$L:$L,'2. 일별 광고 실적 입력'!$C:$C,'4. 광고 장부확인'!G$3,'2. 일별 광고 실적 입력'!$B:$B,'4. 광고 장부확인'!$A5) | H13: =SUMIFS('2. 일별 광고 실적 입력'!$L:$L,'2. 일별 광고 실적 입력'!$C:$C,'4. 광고 장부확인'!H$3,'2. 일별 광고 실적 입력'!$B:$B,'4. 광고 장부확인'!$A5) | I13: =SUMIFS('2. 일별 광고 실적 입력'!$L:$L,'2. 일별 광고 실적 입력'!$C:$C,'4. 광고 장부확인'!I$3,'2. 일별 광고 실적 입력'!$B:$B,'4. 광고 장부확인'!$A5) | J13: =SUMIFS('2. 일별 광고 실적 입력'!$L:$L,'2. 일별 광고 실적 입력'!$C:$C,'4. 광고 장부확인'!J$3,'2. 일별 광고 실적 입력'!$B:$B,'4. 광고 장부확인'!$A5) | ... AF13: =SUMIFS('2. 일별 광고 실적 입력'!$L:$L,'2. 일별 광고 실적 입력'!$C:$C,'4. 광고 장부확인'!AF$3,'2. 일별 광고 실적 입력'!$B:$B,'4. 광고 장부확인'!$A5) | AG13: =SUM(C13:AF13)
B14: 자연 판매 수 | C14: =C15-C13 | D14: =D15-D13 | E14: =E15-E13 | F14: =F15-F13 | G14: =G15-G13 | H14: =H15-H13 | I14: =I15-I13 | J14: =J15-J13 | ... L14: =L15-L13 | AG14: =SUM(C14:AF14)
B15: 실제 판매 수 | C15: =SUMIFS('3. 일별 매출 실적 입력'!$P:$P,'3. 일별 매출 실적 입력'!$Q:$Q,'4. 광고 장부확인'!$A5,'3. 일별 매출 실적 입력'!$B:$B,'4. 광고 장부확인'!C$3) | D15: =SUMIFS('3. 일별 매출 실적 입력'!$P:$P,'3. 일별 매출 실적 입력'!$Q:$Q,'4. 광고 장부확인'!$A5,'3. 일별 매출 실적 입력'!$B:$B,'4. 광고 장부확인'!D$3) | E15: =SUMIFS('3. 일별 매출 실적 입력'!$P:$P,'3. 일별 매출 실적 입력'!$Q:$Q,'4. 광고 장부확인'!$A5,'3. 일별 매출 실적 입력'!$B:$B,'4. 광고 장부확인'!E$3) | F15: =SUMIFS('3. 일별 매출 실적 입력'!$P:$P,'3. 일별 매출 실적 입력'!$Q:$Q,'4. 광고 장부확인'!$A5,'3. 일별 매출 실적 입력'!$B:$B,'4. 광고 장부확인'!F$3) | G15: =SUMIFS('3. 일별 매출 실적 입력'!$P:$P,'3. 일별 매출 실적 입력'!$Q:$Q,'4. 광고 장부확인'!$A5,'3. 일별 매출 실적 입력'!$B:$B,'4. 광고 장부확인'!G$3) | H15: =SUMIFS('3. 일별 매출 실적 입력'!$P:$P,'3. 일별 매출 실적 입력'!$Q:$Q,'4. 광고 장부확인'!$A5,'3. 일별 매출 실적 입력'!$B:$B,'4. 광고 장부확인'!H$3) | I15: =SUMIFS('3. 일별 매출 실적 입력'!$P:$P,'3. 일별 매출 실적 입력'!$Q:$Q,'4. 광고 장부확인'!$A5,'3. 일별 매출 실적 입력'!$B:$B,'4. 광고 장부확인'!I$3) | J15: =SUMIFS('3. 일별 매출 실적 입력'!$P:$P,'3. 일별 매출 실적 입력'!$Q:$Q,'4. 광고 장부확인'!$A5,'3. 일별 매출 실적 입력'!$B:$B,'4. 광고 장부확인'!J$3) | ... AF15: =SUMIFS('3. 일별 매출 실적 입력'!$P:$P,'3. 일별 매출 실적 입력'!$Q:$Q,'4. 광고 장부확인'!$A5,'3. 일별 매출 실적 입력'!$B:$B,'4. 광고 장부확인'!AF$3) | AG15: =SUM(C15:AF15)
B16: 광고 마진 | C16: =SUMIFS('3. 일별 매출 실적 입력'!$R:$R,'3. 일별 매출 실적 입력'!$Q:$Q,'4. 광고 장부확인'!$A5,'3. 일별 매출 실적 입력'!$B:$B,'4. 광고 장부확인'!C$3) | D16: =SUMIFS('3. 일별 매출 실적 입력'!$R:$R,'3. 일별 매출 실적 입력'!$Q:$Q,'4. 광고 장부확인'!$A5,'3. 일별 매출 실적 입력'!$B:$B,'4. 광고 장부확인'!D$3) | E16: =SUMIFS('3. 일별 매출 실적 입력'!$R:$R,'3. 일별 매출 실적 입력'!$Q:$Q,'4. 광고 장부확인'!$A5,'3. 일별 매출 실적 입력'!$B:$B,'4. 광고 장부확인'!E$3) | F16: =SUMIFS('3. 일별 매출 실적 입력'!$R:$R,'3. 일별 매출 실적 입력'!$Q:$Q,'4. 광고 장부확인'!$A5,'3. 일별 매출 실적 입력'!$B:$B,'4. 광고 장부확인'!F$3) | G16: =SUMIFS('3. 일별 매출 실적 입력'!$R:$R,'3. 일별 매출 실적 입력'!$Q:$Q,'4. 광고 장부확인'!$A5,'3. 일별 매출 실적 입력'!$B:$B,'4. 광고 장부확인'!G$3) | H16: =SUMIFS('3. 일별 매출 실적 입력'!$R:$R,'3. 일별 매출 실적 입력'!$Q:$Q,'4. 광고 장부확인'!$A5,'3. 일별 매출 실적 입력'!$B:$B,'4. 광고 장부확인'!H$3) | I16: =SUMIFS('3. 일별 매출 실적 입력'!$R:$R,'3. 일별 매출 실적 입력'!$Q:$Q,'4. 광고 장부확인'!$A5,'3. 일별 매출 실적 입력'!$B:$B,'4. 광고 장부확인'!I$3) | J16: =SUMIFS('3. 일별 매출 실적 입력'!$R:$R,'3. 일별 매출 실적 입력'!$Q:$Q,'4. 광고 장부확인'!$A5,'3. 일별 매출 실적 입력'!$B:$B,'4. 광고 장부확인'!J$3) | ... AF16: =SUMIFS('3. 일별 매출 실적 입력'!$R:$R,'3. 일별 매출 실적 입력'!$Q:$Q,'4. 광고 장부확인'!$A5,'3. 일별 매출 실적 입력'!$B:$B,'4. 광고 장부확인'!AF$3) | AG16: =SUM(C16:AF16)
B17: 순이익 (광고비제외) | C17: =C16-C8 | D17: =D16-D8 | E17: =E16-E8 | F17: =F16-F8 | G17: =G16-G8 | H17: =H16-H8 | I17: =I16-I8 | J17: =J16-J8 | ... AF17: =AF16-AF8 | AG17: =SUM(C17:AF17)
A18: 2. 발매트_213% | B18: 목표효율 | C18: =SUMIFS('2. 일별 광고 실적 입력'!$D:$D,'2. 일별 광고 실적 입력'!$C:$C,'4. 광고 장부확인'!C$3,'2. 일별 광고 실적 입력'!$B:$B,'4. 광고 장부확인'!$A18) | D18: =SUMIFS('2. 일별 광고 실적 입력'!$D:$D,'2. 일별 광고 실적 입력'!$C:$C,'4. 광고 장부확인'!D$3,'2. 일별 광고 실적 입력'!$B:$B,'4. 광고 장부확인'!$A18) | E18: =SUMIFS('2. 일별 광고 실적 입력'!$D:$D,'2. 일별 광고 실적 입력'!$C:$C,'4. 광고 장부확인'!E$3,'2. 일별 광고 실적 입력'!$B:$B,'4. 광고 장부확인'!$A18) | F18: =SUMIFS('2. 일별 광고 실적 입력'!$D:$D,'2. 일별 광고 실적 입력'!$C:$C,'4. 광고 장부확인'!F$3,'2. 일별 광고 실적 입력'!$B:$B,'4. 광고 장부확인'!$A18) | G18: =SUMIFS('2. 일별 광고 실적 입력'!$D:$D,'2. 일별 광고 실적 입력'!$C:$C,'4. 광고 장부확인'!G$3,'2. 일별 광고 실적 입력'!$B:$B,'4. 광고 장부확인'!$A18) | H18: =SUMIFS('2. 일별 광고 실적 입력'!$D:$D,'2. 일별 광고 실적 입력'!$C:$C,'4. 광고 장부확인'!H$3,'2. 일별 광고 실적 입력'!$B:$B,'4. 광고 장부확인'!$A18) | I18: =SUMIFS('2. 일별 광고 실적 입력'!$D:$D,'2. 일별 광고 실적 입력'!$C:$C,'4. 광고 장부확인'!I$3,'2. 일별 광고 실적 입력'!$B:$B,'4. 광고 장부확인'!$A18) | J18: =SUMIFS('2. 일별 광고 실적 입력'!$D:$D,'2. 일별 광고 실적 입력'!$C:$C,'4. 광고 장부확인'!J$3,'2. 일별 광고 실적 입력'!$B:$B,'4. 광고 장부확인'!$A18) | ... AF18: =SUMIFS('2. 일별 광고 실적 입력'!$D:$D,'2. 일별 광고 실적 입력'!$C:$C,'4. 광고 장부확인'!AF$3,'2. 일별 광고 실적 입력'!$B:$B,'4. 광고 장부확인'!$A18) | AG18: =SUM(C18:AF18)
B19: 광고수익률 | C19: =SUMIFS('2. 일별 광고 실적 입력'!$N:$N,'2. 일별 광고 실적 입력'!$C:$C,'4. 광고 장부확인'!C$3,'2. 일별 광고 실적 입력'!$B:$B,'4. 광고 장부확인'!$A18) | D19: =SUMIFS('2. 일별 광고 실적 입력'!$N:$N,'2. 일별 광고 실적 입력'!$C:$C,'4. 광고 장부확인'!D$3,'2. 일별 광고 실적 입력'!$B:$B,'4. 광고 장부확인'!$A18) | E19: =SUMIFS('2. 일별 광고 실적 입력'!$N:$N,'2. 일별 광고 실적 입력'!$C:$C,'4. 광고 장부확인'!E$3,'2. 일별 광고 실적 입력'!$B:$B,'4. 광고 장부확인'!$A18) | F19: =SUMIFS('2. 일별 광고 실적 입력'!$N:$N,'2. 일별 광고 실적 입력'!$C:$C,'4. 광고 장부확인'!F$3,'2. 일별 광고 실적 입력'!$B:$B,'4. 광고 장부확인'!$A18) | G19: =SUMIFS('2. 일별 광고 실적 입력'!$N:$N,'2. 일별 광고 실적 입력'!$C:$C,'4. 광고 장부확인'!G$3,'2. 일별 광고 실적 입력'!$B:$B,'4. 광고 장부확인'!$A18) | H19: =SUMIFS('2. 일별 광고 실적 입력'!$N:$N,'2. 일별 광고 실적 입력'!$C:$C,'4. 광고 장부확인'!H$3,'2. 일별 광고 실적 입력'!$B:$B,'4. 광고 장부확인'!$A18) | I19: =SUMIFS('2. 일별 광고 실적 입력'!$N:$N,'2. 일별 광고 실적 입력'!$C:$C,'4. 광고 장부확인'!I$3,'2. 일별 광고 실적 입력'!$B:$B,'4. 광고 장부확인'!$A18) | J19: =SUMIFS('2. 일별 광고 실적 입력'!$N:$N,'2. 일별 광고 실적 입력'!$C:$C,'4. 광고 장부확인'!J$3,'2. 일별 광고 실적 입력'!$B:$B,'4. 광고 장부확인'!$A18) | ... AF19: =SUMIFS('2. 일별 광고 실적 입력'!$N:$N,'2. 일별 광고 실적 입력'!$C:$C,'4. 광고 장부확인'!AF$3,'2. 일별 광고 실적 입력'!$B:$B,'4. 광고 장부확인'!$A18) | AG19: =SUM(C19:AF19)
B20: 광고예산 | C20: =SUMIFS('2. 일별 광고 실적 입력'!$E:$E,'2. 일별 광고 실적 입력'!$C:$C,'4. 광고 장부확인'!C$3,'2. 일별 광고 실적 입력'!$B:$B,'4. 광고 장부확인'!$A18) | D20: =SUMIFS('2. 일별 광고 실적 입력'!$E:$E,'2. 일별 광고 실적 입력'!$C:$C,'4. 광고 장부확인'!D$3,'2. 일별 광고 실적 입력'!$B:$B,'4. 광고 장부확인'!$A18) | E20: =SUMIFS('2. 일별 광고 실적 입력'!$E:$E,'2. 일별 광고 실적 입력'!$C:$C,'4. 광고 장부확인'!E$3,'2. 일별 광고 실적 입력'!$B:$B,'4. 광고 장부확인'!$A18) | F20: =SUMIFS('2. 일별 광고 실적 입력'!$E:$E,'2. 일별 광고 실적 입력'!$C:$C,'4. 광고 장부확인'!F$3,'2. 일별 광고 실적 입력'!$B:$B,'4. 광고 장부확인'!$A18) | G20: =SUMIFS('2. 일별 광고 실적 입력'!$E:$E,'2. 일별 광고 실적 입력'!$C:$C,'4. 광고 장부확인'!G$3,'2. 일별 광고 실적 입력'!$B:$B,'4. 광고 장부확인'!$A18) | H20: =SUMIFS('2. 일별 광고 실적 입력'!$E:$E,'2. 일별 광고 실적 입력'!$C:$C,'4. 광고 장부확인'!H$3,'2. 일별 광고 실적 입력'!$B:$B,'4. 광고 장부확인'!$A18) | I20: =SUMIFS('2. 일별 광고 실적 입력'!$E:$E,'2. 일별 광고 실적 입력'!$C:$C,'4. 광고 장부확인'!I$3,'2. 일별 광고 실적 입력'!$B:$B,'4. 광고 장부확인'!$A18) | J20: =SUMIFS('2. 일별 광고 실적 입력'!$E:$E,'2. 일별 광고 실적 입력'!$C:$C,'4. 광고 장부확인'!J$3,'2. 일별 광고 실적 입력'!$B:$B,'4. 광고 장부확인'!$A18) | ... AF20: =SUMIFS('2. 일별 광고 실적 입력'!$E:$E,'2. 일별 광고 실적 입력'!$C:$C,'4. 광고 장부확인'!AF$3,'2. 일별 광고 실적 입력'!$B:$B,'4. 광고 장부확인'!$A18) | AG20: =SUM(C20:AF20)
B21: 집행 광고비*10% | C21: =SUMIFS('2. 일별 광고 실적 입력'!$M:$M,'2. 일별 광고 실적 입력'!$C:$C,'4. 광고 장부확인'!C$3,'2. 일별 광고 실적 입력'!$B:$B,'4. 광고 장부확인'!$A18) | D21: =SUMIFS('2. 일별 광고 실적 입력'!$M:$M,'2. 일별 광고 실적 입력'!$C:$C,'4. 광고 장부확인'!D$3,'2. 일별 광고 실적 입력'!$B:$B,'4. 광고 장부확인'!$A18) | E21: =SUMIFS('2. 일별 광고 실적 입력'!$M:$M,'2. 일별 광고 실적 입력'!$C:$C,'4. 광고 장부확인'!E$3,'2. 일별 광고 실적 입력'!$B:$B,'4. 광고 장부확인'!$A18) | F21: =SUMIFS('2. 일별 광고 실적 입력'!$M:$M,'2. 일별 광고 실적 입력'!$C:$C,'4. 광고 장부확인'!F$3,'2. 일별 광고 실적 입력'!$B:$B,'4. 광고 장부확인'!$A18) | G21: =SUMIFS('2. 일별 광고 실적 입력'!$M:$M,'2. 일별 광고 실적 입력'!$C:$C,'4. 광고 장부확인'!G$3,'2. 일별 광고 실적 입력'!$B:$B,'4. 광고 장부확인'!$A18) | H21: =SUMIFS('2. 일별 광고 실적 입력'!$M:$M,'2. 일별 광고 실적 입력'!$C:$C,'4. 광고 장부확인'!H$3,'2. 일별 광고 실적 입력'!$B:$B,'4. 광고 장부확인'!$A18) | I21: =SUMIFS('2. 일별 광고 실적 입력'!$M:$M,'2. 일별 광고 실적 입력'!$C:$C,'4. 광고 장부확인'!I$3,'2. 일별 광고 실적 입력'!$B:$B,'4. 광고 장부확인'!$A18) | J21: =SUMIFS('2. 일별 광고 실적 입력'!$M:$M,'2. 일별 광고 실적 입력'!$C:$C,'4. 광고 장부확인'!J$3,'2. 일별 광고 실적 입력'!$B:$B,'4. 광고 장부확인'!$A18) | ... AF21: =SUMIFS('2. 일별 광고 실적 입력'!$M:$M,'2. 일별 광고 실적 입력'!$C:$C,'4. 광고 장부확인'!AF$3,'2. 일별 광고 실적 입력'!$B:$B,'4. 광고 장부확인'!$A18) | AG21: =SUM(C21:AF21)
B22: CPC 단가 | C22: =SUMIFS('2. 일별 광고 실적 입력'!$P:$P,'2. 일별 광고 실적 입력'!$C:$C,'4. 광고 장부확인'!C$3,'2. 일별 광고 실적 입력'!$B:$B,'4. 광고 장부확인'!$A18) | D22: =SUMIFS('2. 일별 광고 실적 입력'!$P:$P,'2. 일별 광고 실적 입력'!$C:$C,'4. 광고 장부확인'!D$3,'2. 일별 광고 실적 입력'!$B:$B,'4. 광고 장부확인'!$A18) | E22: =SUMIFS('2. 일별 광고 실적 입력'!$P:$P,'2. 일별 광고 실적 입력'!$C:$C,'4. 광고 장부확인'!E$3,'2. 일별 광고 실적 입력'!$B:$B,'4. 광고 장부확인'!$A18) | F22: =SUMIFS('2. 일별 광고 실적 입력'!$P:$P,'2. 일별 광고 실적 입력'!$C:$C,'4. 광고 장부확인'!F$3,'2. 일별 광고 실적 입력'!$B:$B,'4. 광고 장부확인'!$A18) | G22: =SUMIFS('2. 일별 광고 실적 입력'!$P:$P,'2. 일별 광고 실적 입력'!$C:$C,'4. 광고 장부확인'!G$3,'2. 일별 광고 실적 입력'!$B:$B,'4. 광고 장부확인'!$A18) | H22: =SUMIFS('2. 일별 광고 실적 입력'!$P:$P,'2. 일별 광고 실적 입력'!$C:$C,'4. 광고 장부확인'!H$3,'2. 일별 광고 실적 입력'!$B:$B,'4. 광고 장부확인'!$A18) | I22: =SUMIFS('2. 일별 광고 실적 입력'!$P:$P,'2. 일별 광고 실적 입력'!$C:$C,'4. 광고 장부확인'!I$3,'2. 일별 광고 실적 입력'!$B:$B,'4. 광고 장부확인'!$A18) | J22: =SUMIFS('2. 일별 광고 실적 입력'!$P:$P,'2. 일별 광고 실적 입력'!$C:$C,'4. 광고 장부확인'!J$3,'2. 일별 광고 실적 입력'!$B:$B,'4. 광고 장부확인'!$A18) | ... AF22: =SUMIFS('2. 일별 광고 실적 입력'!$P:$P,'2. 일별 광고 실적 입력'!$C:$C,'4. 광고 장부확인'!AF$3,'2. 일별 광고 실적 입력'!$B:$B,'4. 광고 장부확인'!$A18) | AG22: =SUM(C22:AF22)
B23: 노출수 | C23: =SUMIFS('2. 일별 광고 실적 입력'!$J:$J,'2. 일별 광고 실적 입력'!$C:$C,'4. 광고 장부확인'!C$3,'2. 일별 광고 실적 입력'!$B:$B,'4. 광고 장부확인'!$A18) | D23: =SUMIFS('2. 일별 광고 실적 입력'!$J:$J,'2. 일별 광고 실적 입력'!$C:$C,'4. 광고 장부확인'!D$3,'2. 일별 광고 실적 입력'!$B:$B,'4. 광고 장부확인'!$A18) | E23: =SUMIFS('2. 일별 광고 실적 입력'!$J:$J,'2. 일별 광고 실적 입력'!$C:$C,'4. 광고 장부확인'!E$3,'2. 일별 광고 실적 입력'!$B:$B,'4. 광고 장부확인'!$A18) | F23: =SUMIFS('2. 일별 광고 실적 입력'!$J:$J,'2. 일별 광고 실적 입력'!$C:$C,'4. 광고 장부확인'!F$3,'2. 일별 광고 실적 입력'!$B:$B,'4. 광고 장부확인'!$A18) | G23: =SUMIFS('2. 일별 광고 실적 입력'!$J:$J,'2. 일별 광고 실적 입력'!$C:$C,'4. 광고 장부확인'!G$3,'2. 일별 광고 실적 입력'!$B:$B,'4. 광고 장부확인'!$A18) | H23: =SUMIFS('2. 일별 광고 실적 입력'!$J:$J,'2. 일별 광고 실적 입력'!$C:$C,'4. 광고 장부확인'!H$3,'2. 일별 광고 실적 입력'!$B:$B,'4. 광고 장부확인'!$A18) | I23: =SUMIFS('2. 일별 광고 실적 입력'!$J:$J,'2. 일별 광고 실적 입력'!$C:$C,'4. 광고 장부확인'!I$3,'2. 일별 광고 실적 입력'!$B:$B,'4. 광고 장부확인'!$A18) | J23: =SUMIFS('2. 일별 광고 실적 입력'!$J:$J,'2. 일별 광고 실적 입력'!$C:$C,'4. 광고 장부확인'!J$3,'2. 일별 광고 실적 입력'!$B:$B,'4. 광고 장부확인'!$A18) | ... AF23: =SUMIFS('2. 일별 광고 실적 입력'!$J:$J,'2. 일별 광고 실적 입력'!$C:$C,'4. 광고 장부확인'!AF$3,'2. 일별 광고 실적 입력'!$B:$B,'4. 광고 장부확인'!$A18) | AG23: =SUM(C23:AF23)
B24: 클릭률 | C24: =SUMIFS('2. 일별 광고 실적 입력'!$I:$I,'2. 일별 광고 실적 입력'!$C:$C,'4. 광고 장부확인'!C$3,'2. 일별 광고 실적 입력'!$B:$B,'4. 광고 장부확인'!$A18) | D24: =SUMIFS('2. 일별 광고 실적 입력'!$I:$I,'2. 일별 광고 실적 입력'!$C:$C,'4. 광고 장부확인'!D$3,'2. 일별 광고 실적 입력'!$B:$B,'4. 광고 장부확인'!$A18) | E24: =SUMIFS('2. 일별 광고 실적 입력'!$I:$I,'2. 일별 광고 실적 입력'!$C:$C,'4. 광고 장부확인'!E$3,'2. 일별 광고 실적 입력'!$B:$B,'4. 광고 장부확인'!$A18) | F24: =SUMIFS('2. 일별 광고 실적 입력'!$I:$I,'2. 일별 광고 실적 입력'!$C:$C,'4. 광고 장부확인'!F$3,'2. 일별 광고 실적 입력'!$B:$B,'4. 광고 장부확인'!$A18) | G24: =SUMIFS('2. 일별 광고 실적 입력'!$I:$I,'2. 일별 광고 실적 입력'!$C:$C,'4. 광고 장부확인'!G$3,'2. 일별 광고 실적 입력'!$B:$B,'4. 광고 장부확인'!$A18) | H24: =SUMIFS('2. 일별 광고 실적 입력'!$I:$I,'2. 일별 광고 실적 입력'!$C:$C,'4. 광고 장부확인'!H$3,'2. 일별 광고 실적 입력'!$B:$B,'4. 광고 장부확인'!$A18) | I24: =SUMIFS('2. 일별 광고 실적 입력'!$I:$I,'2. 일별 광고 실적 입력'!$C:$C,'4. 광고 장부확인'!I$3,'2. 일별 광고 실적 입력'!$B:$B,'4. 광고 장부확인'!$A18) | J24: =SUMIFS('2. 일별 광고 실적 입력'!$I:$I,'2. 일별 광고 실적 입력'!$C:$C,'4. 광고 장부확인'!J$3,'2. 일별 광고 실적 입력'!$B:$B,'4. 광고 장부확인'!$A18) | ... AF24: =SUMIFS('2. 일별 광고 실적 입력'!$I:$I,'2. 일별 광고 실적 입력'!$C:$C,'4. 광고 장부확인'!AF$3,'2. 일별 광고 실적 입력'!$B:$B,'4. 광고 장부확인'!$A18) | AG24: =SUM(C24:AF24)
B25: 전환율 | C25: =SUMIFS('2. 일별 광고 실적 입력'!$H:$H,'2. 일별 광고 실적 입력'!$C:$C,'4. 광고 장부확인'!C$3,'2. 일별 광고 실적 입력'!$B:$B,'4. 광고 장부확인'!$A18) | D25: =SUMIFS('2. 일별 광고 실적 입력'!$H:$H,'2. 일별 광고 실적 입력'!$C:$C,'4. 광고 장부확인'!D$3,'2. 일별 광고 실적 입력'!$B:$B,'4. 광고 장부확인'!$A18) | E25: =SUMIFS('2. 일별 광고 실적 입력'!$H:$H,'2. 일별 광고 실적 입력'!$C:$C,'4. 광고 장부확인'!E$3,'2. 일별 광고 실적 입력'!$B:$B,'4. 광고 장부확인'!$A18) | F25: =SUMIFS('2. 일별 광고 실적 입력'!$H:$H,'2. 일별 광고 실적 입력'!$C:$C,'4. 광고 장부확인'!F$3,'2. 일별 광고 실적 입력'!$B:$B,'4. 광고 장부확인'!$A18) | G25: =SUMIFS('2. 일별 광고 실적 입력'!$H:$H,'2. 일별 광고 실적 입력'!$C:$C,'4. 광고 장부확인'!G$3,'2. 일별 광고 실적 입력'!$B:$B,'4. 광고 장부확인'!$A18) | H25: =SUMIFS('2. 일별 광고 실적 입력'!$H:$H,'2. 일별 광고 실적 입력'!$C:$C,'4. 광고 장부확인'!H$3,'2. 일별 광고 실적 입력'!$B:$B,'4. 광고 장부확인'!$A18) | I25: =SUMIFS('2. 일별 광고 실적 입력'!$H:$H,'2. 일별 광고 실적 입력'!$C:$C,'4. 광고 장부확인'!I$3,'2. 일별 광고 실적 입력'!$B:$B,'4. 광고 장부확인'!$A18) | J25: =SUMIFS('2. 일별 광고 실적 입력'!$H:$H,'2. 일별 광고 실적 입력'!$C:$C,'4. 광고 장부확인'!J$3,'2. 일별 광고 실적 입력'!$B:$B,'4. 광고 장부확인'!$A18) | ... AF25: =SUMIFS('2. 일별 광고 실적 입력'!$H:$H,'2. 일별 광고 실적 입력'!$C:$C,'4. 광고 장부확인'!AF$3,'2. 일별 광고 실적 입력'!$B:$B,'4. 광고 장부확인'!$A18) | AG25: =SUM(C25:AF25)
B26: 광고 전환 판매 수 | C26: =SUMIFS('2. 일별 광고 실적 입력'!$L:$L,'2. 일별 광고 실적 입력'!$C:$C,'4. 광고 장부확인'!C$3,'2. 일별 광고 실적 입력'!$B:$B,'4. 광고 장부확인'!$A18) | D26: =SUMIFS('2. 일별 광고 실적 입력'!$L:$L,'2. 일별 광고 실적 입력'!$C:$C,'4. 광고 장부확인'!D$3,'2. 일별 광고 실적 입력'!$B:$B,'4. 광고 장부확인'!$A18) | E26: =SUMIFS('2. 일별 광고 실적 입력'!$L:$L,'2. 일별 광고 실적 입력'!$C:$C,'4. 광고 장부확인'!E$3,'2. 일별 광고 실적 입력'!$B:$B,'4. 광고 장부확인'!$A18) | F26: =SUMIFS('2. 일별 광고 실적 입력'!$L:$L,'2. 일별 광고 실적 입력'!$C:$C,'4. 광고 장부확인'!F$3,'2. 일별 광고 실적 입력'!$B:$B,'4. 광고 장부확인'!$A18) | G26: =SUMIFS('2. 일별 광고 실적 입력'!$L:$L,'2. 일별 광고 실적 입력'!$C:$C,'4. 광고 장부확인'!G$3,'2. 일별 광고 실적 입력'!$B:$B,'4. 광고 장부확인'!$A18) | H26: =SUMIFS('2. 일별 광고 실적 입력'!$L:$L,'2. 일별 광고 실적 입력'!$C:$C,'4. 광고 장부확인'!H$3,'2. 일별 광고 실적 입력'!$B:$B,'4. 광고 장부확인'!$A18) | I26: =SUMIFS('2. 일별 광고 실적 입력'!$L:$L,'2. 일별 광고 실적 입력'!$C:$C,'4. 광고 장부확인'!I$3,'2. 일별 광고 실적 입력'!$B:$B,'4. 광고 장부확인'!$A18) | J26: =SUMIFS('2. 일별 광고 실적 입력'!$L:$L,'2. 일별 광고 실적 입력'!$C:$C,'4. 광고 장부확인'!J$3,'2. 일별 광고 실적 입력'!$B:$B,'4. 광고 장부확인'!$A18) | ... AF26: =SUMIFS('2. 일별 광고 실적 입력'!$L:$L,'2. 일별 광고 실적 입력'!$C:$C,'4. 광고 장부확인'!AF$3,'2. 일별 광고 실적 입력'!$B:$B,'4. 광고 장부확인'!$A18) | AG26: =SUM(C26:AF26)
B27: 자연 판매 수 | C27: =C28-C26 | D27: =D28-D26 | E27: =E28-E26 | F27: =F28-F26 | G27: =G28-G26 | H27: =H28-H26 | I27: =I28-I26 | J27: =J28-J26 | ... L27: =L28-L26 | AG27: =SUM(C27:AF27)
B28: 실제 판매 수 | C28: =SUMIFS('3. 일별 매출 실적 입력'!$P:$P,'3. 일별 매출 실적 입력'!$Q:$Q,'4. 광고 장부확인'!$A18,'3. 일별 매출 실적 입력'!$B:$B,'4. 광고 장부확인'!C$3) | D28: =SUMIFS('3. 일별 매출 실적 입력'!$P:$P,'3. 일별 매출 실적 입력'!$Q:$Q,'4. 광고 장부확인'!$A18,'3. 일별 매출 실적 입력'!$B:$B,'4. 광고 장부확인'!D$3) | E28: =SUMIFS('3. 일별 매출 실적 입력'!$P:$P,'3. 일별 매출 실적 입력'!$Q:$Q,'4. 광고 장부확인'!$A18,'3. 일별 매출 실적 입력'!$B:$B,'4. 광고 장부확인'!E$3) | F28: =SUMIFS('3. 일별 매출 실적 입력'!$P:$P,'3. 일별 매출 실적 입력'!$Q:$Q,'4. 광고 장부확인'!$A18,'3. 일별 매출 실적 입력'!$B:$B,'4. 광고 장부확인'!F$3) | G28: =SUMIFS('3. 일별 매출 실적 입력'!$P:$P,'3. 일별 매출 실적 입력'!$Q:$Q,'4. 광고 장부확인'!$A18,'3. 일별 매출 실적 입력'!$B:$B,'4. 광고 장부확인'!G$3) | H28: =SUMIFS('3. 일별 매출 실적 입력'!$P:$P,'3. 일별 매출 실적 입력'!$Q:$Q,'4. 광고 장부확인'!$A18,'3. 일별 매출 실적 입력'!$B:$B,'4. 광고 장부확인'!H$3) | I28: =SUMIFS('3. 일별 매출 실적 입력'!$P:$P,'3. 일별 매출 실적 입력'!$Q:$Q,'4. 광고 장부확인'!$A18,'3. 일별 매출 실적 입력'!$B:$B,'4. 광고 장부확인'!I$3) | J28: =SUMIFS('3. 일별 매출 실적 입력'!$P:$P,'3. 일별 매출 실적 입력'!$Q:$Q,'4. 광고 장부확인'!$A18,'3. 일별 매출 실적 입력'!$B:$B,'4. 광고 장부확인'!J$3) | ... AF28: =SUMIFS('3. 일별 매출 실적 입력'!$P:$P,'3. 일별 매출 실적 입력'!$Q:$Q,'4. 광고 장부확인'!$A18,'3. 일별 매출 실적 입력'!$B:$B,'4. 광고 장부확인'!AF$3) | AG28: =SUM(C28:AF28)
B29: 광고 마진 | C29: =SUMIFS('3. 일별 매출 실적 입력'!$R:$R,'3. 일별 매출 실적 입력'!$Q:$Q,'4. 광고 장부확인'!$A18,'3. 일별 매출 실적 입력'!$B:$B,'4. 광고 장부확인'!C$3) | D29: =SUMIFS('3. 일별 매출 실적 입력'!$R:$R,'3. 일별 매출 실적 입력'!$Q:$Q,'4. 광고 장부확인'!$A18,'3. 일별 매출 실적 입력'!$B:$B,'4. 광고 장부확인'!D$3) | E29: =SUMIFS('3. 일별 매출 실적 입력'!$R:$R,'3. 일별 매출 실적 입력'!$Q:$Q,'4. 광고 장부확인'!$A18,'3. 일별 매출 실적 입력'!$B:$B,'4. 광고 장부확인'!E$3) | F29: =SUMIFS('3. 일별 매출 실적 입력'!$R:$R,'3. 일별 매출 실적 입력'!$Q:$Q,'4. 광고 장부확인'!$A18,'3. 일별 매출 실적 입력'!$B:$B,'4. 광고 장부확인'!F$3) | G29: =SUMIFS('3. 일별 매출 실적 입력'!$R:$R,'3. 일별 매출 실적 입력'!$Q:$Q,'4. 광고 장부확인'!$A18,'3. 일별 매출 실적 입력'!$B:$B,'4. 광고 장부확인'!G$3) | H29: =SUMIFS('3. 일별 매출 실적 입력'!$R:$R,'3. 일별 매출 실적 입력'!$Q:$Q,'4. 광고 장부확인'!$A18,'3. 일별 매출 실적 입력'!$B:$B,'4. 광고 장부확인'!H$3) | I29: =SUMIFS('3. 일별 매출 실적 입력'!$R:$R,'3. 일별 매출 실적 입력'!$Q:$Q,'4. 광고 장부확인'!$A18,'3. 일별 매출 실적 입력'!$B:$B,'4. 광고 장부확인'!I$3) | J29: =SUMIFS('3. 일별 매출 실적 입력'!$R:$R,'3. 일별 매출 실적 입력'!$Q:$Q,'4. 광고 장부확인'!$A18,'3. 일별 매출 실적 입력'!$B:$B,'4. 광고 장부확인'!J$3) | ... AF29: =SUMIFS('3. 일별 매출 실적 입력'!$R:$R,'3. 일별 매출 실적 입력'!$Q:$Q,'4. 광고 장부확인'!$A18,'3. 일별 매출 실적 입력'!$B:$B,'4. 광고 장부확인'!AF$3) | AG29: =SUM(C29:AF29)
B30: 순이익 (광고비제외) | C30: =C29-C21 | D30: =D29-D21 | E30: =E29-E21 | F30: =F29-F21 | G30: =G29-G21 | H30: =H29-H21 | I30: =I29-I21 | J30: =J29-J21 | ... AF30: =AF29-AF21 | AG30: =SUM(C30:AF30)

Sheet 5. 사입 관리
B2: 사입
